titulo,id,nombre_completo,url,enlace_interno_reddit,subreddit,autor,puntuacion,ratio_votos_positivos,num_comentarios,fecha_creacion,flair,link_flair_text,editado,media,thumbnail,num_crossposts,comentarios,view_count,es_texto,nsfw,stickied,spoiler,locked,distinguished,texto_post
"ğŸŒ Central Chile: Sismo - Earthquake (5.5 Mgqm, at 12:42 UTC)",1m1blyd,t3_1m1blyd,https://www.reddit.com/r/Earthquakes/comments/1m1blyd/central_chile_sismo_earthquake_55_mgqm_at_1242_utc/,/r/Earthquakes/comments/1m1blyd/central_chile_sismo_earthquake_55_mgqm_at_1242_utc/,Earthquakes,BrainstormBot,4,1.0,0,1752669839.0,<praw.models.reddit.submission.SubmissionFlair object at 0x71d0e3b51250>,Early Warning,False,,self,0,<praw.models.comment_forest.CommentForest object at 0x71d0e837c260>,,True,False,False,False,False,,"> â— **ALERTA DE SISMO / EARTHQUAKE WARNING** for Central Chile (Sismo reported near Vallenar?) (localhost:38002)

^2025-07-16T12:43:59Z"
"ğŸŒ Andreanof Islands, Aleutian Is.: Earthquake - Ğ—ĞµĞ¼Ğ»ĞµÑ‚Ñ€ÑÑĞµĞ½Ğ¸Ğµ (5.5 Mgqm, at 14:21 UTC)",1m1dxk5,t3_1m1dxk5,https://www.reddit.com/r/Earthquakes/comments/1m1dxk5/andreanof_islands_aleutian_is_earthquake/,/r/Earthquakes/comments/1m1dxk5/andreanof_islands_aleutian_is_earthquake/,Earthquakes,BrainstormBot,2,1.0,0,1752675846.0,<praw.models.reddit.submission.SubmissionFlair object at 0x71d0e3b50c50>,,1752678341.0,,self,0,<praw.models.comment_forest.CommentForest object at 0x71d0e837e0f0>,,True,False,False,False,False,,"> ğŸŒ– Earthquake! Ğ—ĞµĞ¼Ğ»ĞµÑ‚Ñ€ÑÑĞµĞ½Ğ¸Ğµ! **5.4 Mb,** registered by AT,CI,EMSC, 2025-07-16 14:21:52 UTC (gibbous moon), on land, *Andreanof Islands, Aleutian Is.* (52.12, -173.37) Â± 4 km, â†“68 km likely felt 280 km away (service.scedc.caltech.edu)

^2025-07-16T15:05:40Z

> ğŸ“ˆ Earthquake **5.4 Mb,** registered by 6 agencies, 2025-07-16 14:21:52 UTC (gibbous moon), on water, *Andreanof Islands, Aleutian Is.* (52.08, -173.38), â†“69 km likely felt 280 km away (earthquake.usgs.gov)

^2025-07-16T14:39:20Z

> ğŸ“‰ Earthquake **5.1 Ml,** registered by AT,GlobalQuake, 2025-07-16 14:21:52 UTC (gibbous moon), on water, *Andreanof Islands, Aleutian Is.* (51.95, -173.27) Â± 3 km, â†“17 km likely felt 180 km away (localhost:38002)

^2025-07-16T14:30:32Z

> ğŸŒ– Earthquake! Ğ—ĞµĞ¼Ğ»ĞµÑ‚Ñ€ÑÑĞµĞ½Ğ¸Ğµ! **5.5 Mgqm,** registered by GlobalQuake, 2025-07-16 14:21:52 UTC (gibbous moon), on land, *Andreanof Islands, Aleutian Is.* (51.93, -173.33) likely felt 210 km away (localhost:38002)

^2025-07-16T14:24:05Z"
"ğŸŒ Central Chile: Sismo - Earthquake (5.5 Mgqm, at 12:42 UTC)",1m1bm0l,t3_1m1bm0l,https://www.reddit.com/r/Earthquakes/comments/1m1bm0l/central_chile_sismo_earthquake_55_mgqm_at_1242_utc/,/r/Earthquakes/comments/1m1bm0l/central_chile_sismo_earthquake_55_mgqm_at_1242_utc/,Earthquakes,BrainstormBot,2,1.0,1,1752669843.0,<praw.models.reddit.submission.SubmissionFlair object at 0x71d0e83b6b10>,Earthquake Event (M5.5),1752670683.0,,self,0,<praw.models.comment_forest.CommentForest object at 0x71d0e837e870>,,True,False,False,False,False,,"> ğŸ“‰ Sismo **5.0 Mw,** registered by 6 agencies, 2025-07-16 12:42:47 UTC (daytime) on land, *Vallenar, Provincia de Huasco, Atacama, Chile* (-28.14, -70.71) Â± 5 km, â†“53 km likely felt 200 km away (in Vallenar, CopiapÃ³, Freirinaâ€¦) by 199600 people (www.seismicportal.eu)

^2025-07-16T12:58:02Z

> â— ğŸŒ Sismo! Earthquake! **5.5 Mgqm,** registered by GlobalQuake, 2025-07-16 12:42:47 UTC (daytime) on land, *Vallenar, Provincia de Huasco, Atacama, Chile* (-28.2, -70.67) likely felt 210 km away (localhost:38002)

^2025-07-16T12:44:03Z"
"OTD: 16 July, 2025 marks the 35th anniversary of deadly Luzon, Philippines earthquake that killed more than 1,600 people.",1m1ciap,t3_1m1ciap,https://www.reddit.com/gallery/1m1ciap,/r/Earthquakes/comments/1m1ciap/otd_16_july_2025_marks_the_35th_anniversary_of/,Earthquakes,Jeqlousyyy,1,1.0,0,1752672252.0,<praw.models.reddit.submission.SubmissionFlair object at 0x71d0e837dcd0>,History,False,,https://b.thumbs.redditmedia.com/CajV__sET0ELU7bA9rNBk2yWdqDAxa9NuZWYBtYjUXQ.jpg,0,<praw.models.comment_forest.CommentForest object at 0x71d0e837f380>,,False,False,False,False,False,,"The 1990 Luzon earthquake occurred on 16 July at 4:26 p.m. (PDT) (Philippine Daylight Saving Time) on the densely populated island of Luzon in the Philippines. The shock had a surface-wave magnitude of 7.8 and produced a 125 km-long ground rupture that stretched from Dingalan to Kayapa. The event was a result of strike-slip movements along the Philippine Fault and the Digdig Fault within the Philippine fault system. The earthquake's epicenter was near the town of Rizal, Nueva Ecija, northeast of Cabanatuan. An estimated 1,621 people were killed, most of the fatalities located in Central Luzon and the Cordillera region. The earthquake registered at PEIS VIII (Very Destructive) and MMI IX (Violent) - Wikipedia."
"ğŸŒ South Sandwich Islands Region: Earthquake (5.2 Mb, at 12:52 UTC)",1m1c5fo,t3_1m1c5fo,https://www.reddit.com/r/Earthquakes/comments/1m1c5fo/south_sandwich_islands_region_earthquake_52_mb_at/,/r/Earthquakes/comments/1m1c5fo/south_sandwich_islands_region_earthquake_52_mb_at/,Earthquakes,BrainstormBot,1,1.0,0,1752671299.0,<praw.models.reddit.submission.SubmissionFlair object at 0x71d0e810ae40>,Earthquake Event (M5.2),False,,self,0,<praw.models.comment_forest.CommentForest object at 0x71d0e837e150>,,True,False,False,False,False,,"> ğŸŒ Earthquake! **5.2 Mb,** registered by KOERI,NEIC,alomax, 2025-07-16 12:52:27 UTC (daytime) on water, *South Sandwich Islands Region* (-59.73, -26.33), â†“26 km likely felt 200 km away (www.seismicportal.eu)

^2025-07-16T13:08:18Z"
"ğŸŒ Kuril Islands: åœ°éœ‡ - Ğ—ĞµĞ¼Ğ»ĞµÑ‚Ñ€ÑÑĞµĞ½Ğ¸Ğµ - Earthquake (5.1 Mb, at 09:03 UTC)",1m17yvr,t3_1m17yvr,https://www.reddit.com/r/Earthquakes/comments/1m17yvr/kuril_islands_åœ°éœ‡_Ğ·ĞµĞ¼Ğ»ĞµÑ‚Ñ€ÑÑĞµĞ½Ğ¸Ğµ_earthquake_51_mb/,/r/Earthquakes/comments/1m17yvr/kuril_islands_åœ°éœ‡_Ğ·ĞµĞ¼Ğ»ĞµÑ‚Ñ€ÑÑĞµĞ½Ğ¸Ğµ_earthquake_51_mb/,Earthquakes,BrainstormBot,2,1.0,0,1752657567.0,<praw.models.reddit.submission.SubmissionFlair object at 0x71d0e837e1b0>,Earthquake Event (M5.1),False,,self,0,<praw.models.comment_forest.CommentForest object at 0x71d0e837c680>,,True,False,False,False,False,,"> ğŸŒ… åœ°éœ‡! Ğ—ĞµĞ¼Ğ»ĞµÑ‚Ñ€ÑÑĞµĞ½Ğ¸Ğµ! Earthquake! **5.1 Mb,** registered by 4 agencies, 2025-07-16 09:03:42 UTC (twilight) on water, *Kuril Islands* (48.12, 154.5) Â± 7 km likely felt 160 km away (alomax.free.fr)

^2025-07-16T09:19:27Z"
"ğŸŒ New Guinea, Papua New Guinea: Earthquake (5.0 Mgqm, at 21:16 UTC)",1m0u8n2,t3_1m0u8n2,https://www.reddit.com/r/Earthquakes/comments/1m0u8n2/new_guinea_papua_new_guinea_earthquake_50_mgqm_at/,/r/Earthquakes/comments/1m0u8n2/new_guinea_papua_new_guinea_earthquake_50_mgqm_at/,Earthquakes,BrainstormBot,3,0.81,0,1752614572.0,<praw.models.reddit.submission.SubmissionFlair object at 0x71d0e3638230>,Earthquake Event (M5.0),False,,self,0,<praw.models.comment_forest.CommentForest object at 0x71d0e837c710>,,True,False,False,False,False,,"> ğŸŒ Earthquake! **5.0 Mgqm,** registered by GlobalQuake, 2025-07-15 21:16:53 UTC (daytime) on land, *Tari, Hela, Papua New Guinea* (-6.29, 142.24) Â± 2 km likely felt 150 km away (localhost:38002)

^2025-07-15T21:22:51Z"
"ğŸ—¾ Near East Coast Of Honshu, Japan: åœ°éœ‡ - Earthquake (5.1 M, at 14:47 UTC)",1m0jr0t,t3_1m0jr0t,https://www.reddit.com/r/Earthquakes/comments/1m0jr0t/near_east_coast_of_honshu_japan_åœ°éœ‡_earthquake_51/,/r/Earthquakes/comments/1m0jr0t/near_east_coast_of_honshu_japan_åœ°éœ‡_earthquake_51/,Earthquakes,BrainstormBot,10,1.0,2,1752590908.0,<praw.models.reddit.submission.SubmissionFlair object at 0x71d0e363af90>,Earthquake Event (M5.1),False,,self,0,<praw.models.comment_forest.CommentForest object at 0x71d0e837f890>,,True,False,False,False,False,,"> â— ğŸŒ– åœ°éœ‡! Earthquake! **5.1 M,** 2025-07-15 14:47:10 UTC (gibbous moon), on water, *Near East Coast Of Honshu, Japan* (36.5, 140.6), â†“60 km likely felt 220 km away with maximum intensity Shindo 4 (www.kmoni.bosai.go.jp)

^2025-07-15T14:48:28Z"
"ğŸŒ Fiji Islands Region: SÃ©isme - Earthquake (5.0 M, at 18:42 UTC)",1m0qegb,t3_1m0qegb,https://www.reddit.com/r/Earthquakes/comments/1m0qegb/fiji_islands_region_sÃ©isme_earthquake_50_m_at/,/r/Earthquakes/comments/1m0qegb/fiji_islands_region_sÃ©isme_earthquake_50_m_at/,Earthquakes,BrainstormBot,5,0.86,0,1752605816.0,<praw.models.reddit.submission.SubmissionFlair object at 0x71d0e363bfb0>,Earthquake Event (M5.0),False,,self,0,<praw.models.comment_forest.CommentForest object at 0x71d0e837ecc0>,,True,False,False,False,False,,"> ğŸŒ… SÃ©isme! Earthquake! **5.0 M,** registered by 4 agencies, 2025-07-15 18:42:41 UTC (twilight) on water, *Fiji Islands Region* (-18.01, -178.51) likely felt 150 km away (www.seismicportal.eu)

^2025-07-15T18:56:55Z"
"ğŸ—¾ Ryukyu Islands, Japan: åœ°éœ‡ - Earthquake (5.2 Mb, at 17:15 UTC)",1m0of1p,t3_1m0of1p,https://www.reddit.com/r/Earthquakes/comments/1m0of1p/ryukyu_islands_japan_åœ°éœ‡_earthquake_52_mb_at_1715/,/r/Earthquakes/comments/1m0of1p/ryukyu_islands_japan_åœ°éœ‡_earthquake_52_mb_at_1715/,Earthquakes,BrainstormBot,5,1.0,0,1752601366.0,<praw.models.reddit.submission.SubmissionFlair object at 0x71d0e837edb0>,Earthquake Event (M5.2),False,,self,0,<praw.models.comment_forest.CommentForest object at 0x71d0e837d220>,,True,False,False,False,False,,"> ğŸŒ– åœ°éœ‡! Earthquake! **5.2 Mb,** registered by NEIC, 2025-07-15 17:15:25 UTC (gibbous moon), on land, *Toshima, Kagoshima County, Kagoshima Prefecture, Japan* (29.26, 129.43) likely felt 170 km away (in å¥„ç¾å¸‚â€¦) by 41400 people (www.seismicportal.eu)

^2025-07-15T17:42:44Z"
